image,a_x,a_y,b_x,b_y,c_x,c_y,d_x,d_y,e_x,e_y,f_x,f_y,g_x,g_y,h_x,h_y,i_x,i_y,j_x,j_y,k_x,k_y,l_x,l_y
sample1.jpg,493.655517578125,1426.9385986328125,425.6583557128906,1463.10498046875,788.3099975585938,1304.876953125,1354.953125,1433.7198486328125,1459.21533203125,1524.1358642578125,1459.21533203125,1361.386962890625,1334.553955078125,1307.1373291015625,822.30859375,1087.878662109375,638.7161865234375,1015.5457763671875,788.3099975585938,1121.7845458984375,491.3889465332031,1042.6705322265625,287.3974304199219,1117.2637939453125
