image,a_x,a_y,b_x,b_y,c_x,c_y,d_x,d_y,e_x,e_y,f_x,f_y,g_x,g_y,h_x,h_y
sample1.jpg,1081.3543701171875,362.038818359375,1098.9945068359375,439.50250244140625,1112.2247314453125,523.6058959960938,1125.454833984375,632.0549926757812,1138.6849365234375,780.342529296875,1085.764404296875,1043.718994140625,953.4628295898438,762.6365966796875,953.4628295898438,1110.116455078125
